source,type,name,phone,details,link,date
propertypro,listing,Agent,N/A,"5 bedroom Detached Duplex, House in Adeniyi Jones Ikeja Lagos | Detached Duplex, House for sale in Ikeja | Detached Duplex, House in Ikeja | 5 bedroom",https://propertypro.ng/property/5-bedroom-house-for-sale-adeniyi-jones-ikeja-lagos-8QCZX,2026-09-07
propertypro,listing,Agent,N/A,"3 bedroom Blocks Of Flats, House in Magodo Kosofe Ikosi Lagos | Blocks Of Flats, House for sale in Kosofe Ikosi | Blocks Of Flats, House in Kosofe Ikosi | 3 bedroom",https://propertypro.ng/property/3-bedroom-house-for-sale-off-cmd-road-magodo-kosofe-ikosi-lagos-2QDEK,2026-09-07
propertypro,listing,Agent,N/A,"3 bedroom Blocks Of Flats, House in Magodo Kosofe Ikosi Lagos | Blocks Of Flats, House for sale in Kosofe Ikosi | Blocks Of Flats, House in Kosofe Ikosi | 3 bedroom",https://propertypro.ng/property/3-bedroom-house-for-sale-off-cmd-rd-magodo-kosofe-ikosi-lagos-5PYNB,2026-09-07
propertypro,listing,Agent,N/A,"4 bedroom Detached Duplex, House in Enugu Enugu | Detached Duplex, House for sale in Enugu | Detached Duplex, House in Enugu | 4 bedroom",https://propertypro.ng/property/4-bedroom-house-for-sale-centenary-city-enugu-enugu-5PXYQ,2026-09-07
propertypro,listing,Agent,N/A,"2 bedroom Blocks Of Flats, House in Vgc Lekki Lagos | Blocks Of Flats, House for sale in Lekki | Blocks Of Flats, House in Lekki | 2 bedroom",https://propertypro.ng/property/2-bedroom-house-for-sale-vgc-lekki-lagos-9QCSZ,2026-09-07
propertypro,listing,Agent,N/A,"2 bedroom Blocks Of Flats, House in Ologolo Lekki Lagos | Blocks Of Flats, House for sale in Lekki | Blocks Of Flats, House in Lekki | 2 bedroom",https://propertypro.ng/property/2-bedroom-house-for-sale-ologolo-lekki-lagos-2PXHH,2026-09-07
propertypro,listing,Agent,N/A,"3 bedroom Terraced Duplex, House in Ikota Lekki Lagos | Terraced Duplex, House for sale in Lekki | Terraced Duplex, House in Lekki | 3 bedroom",https://propertypro.ng/property/3-bedroom-house-for-sale-ikota-lekki-lagos-2QCPF,2026-09-07
propertypro,listing,Agent,N/A,"2 bedroom Blocks Of Flats, House in Ologolo Lekki Lagos | Blocks Of Flats, House for sale in Lekki | Blocks Of Flats, House in Lekki | 2 bedroom",https://propertypro.ng/property/2-bedroom-house-for-sale-ologolo-lekki-lagos-3PXHM,2026-09-07
propertypro,listing,Agent,N/A,"4 bedroom Detached Duplex, House in Enugu Enugu | Detached Duplex, House for sale in Enugu | Detached Duplex, House in Enugu | 4 bedroom",https://propertypro.ng/property/4-bedroom-house-for-sale-centenary-city-enugu-enugu-3PYBG,2026-09-07
propertypro,listing,Agent,N/A,"4 bedroom Terraced Duplex, House in Orchid Lekki Lagos | Terraced Duplex, House for sale in Lekki | Terraced Duplex, House in Lekki | 4 bedroom",https://propertypro.ng/property/4-bedroom-house-for-sale-orchid-lekki-lagos-9PYKE,2026-09-07
propertypro,listing,Agent,N/A,"5 bedroom Detached Duplex, House in Ikate Lekki Lagos | Detached Duplex, House for sale in Lekki | Detached Duplex, House in Lekki | 5 bedroom",https://propertypro.ng/property/5-bedroom-house-for-sale-cowrie-creek-ikate-lekki-lagos-5QDLU,2026-09-07
propertypro,listing,Agent,N/A,"4 bedroom Semi Detached Duplex, House in Ikota Lekki Lagos | Semi Detached Duplex, House for sale in Lekki | Semi Detached Duplex, House in Lekki | 4 bedroom",https://propertypro.ng/property/4-bedroom-house-for-sale-ikota-lekki-lagos-6QCPF,2026-09-07
propertypro,listing,Agent,N/A,"3 bedroom Terraced Duplex, House in Ajah Lagos | Terraced Duplex, House for sale in Ajah | Terraced Duplex, House in Ajah | 3 bedroom",https://propertypro.ng/property/3-bedroom-house-for-sale-lekki-ajah-lagos-1QDLV,2026-09-07
propertypro,listing,Agent,N/A,"3 bedroom Semi Detached Duplex, House in Lekki Lagos | Semi Detached Duplex, House for sale in Lekki | Semi Detached Duplex, House in Lekki | 3 bedroom",https://propertypro.ng/property/3-bedroom-house-for-sale-lekki-lagos-9PXYL,2026-09-07
propertypro,listing,Agent,N/A,"3 bedroom Terraced Duplex, House in Lekki Lagos | Terraced Duplex, House for sale in Lekki | Terraced Duplex, House in Lekki | 3 bedroom",https://propertypro.ng/property/3-bedroom-house-for-sale-lekki-lagos-8PYRF,2026-09-07
propertypro,listing,Agent,N/A,"2 bedroom Blocks Of Flats, House in Ikota Lekki Lagos | Blocks Of Flats, House for sale in Lekki | Blocks Of Flats, House in Lekki | 2 bedroom",https://propertypro.ng/property/2-bedroom-house-for-sale-ikota-lekki-lagos-5PZMT,2026-09-07
propertypro,listing,Agent,N/A,"7 bedroom Detached Duplex, House in Ikate Lekki Lagos | Detached Duplex, House for sale in Lekki | Detached Duplex, House in Lekki | 7 bedroom",https://propertypro.ng/property/7-bedroom-house-for-sale-ikate-lekki-lagos-8QBCA,2026-09-07
propertypro,listing,Agent,N/A,"4 bedroom Semi Detached Duplex, House in Ikota Lekki Lagos | Semi Detached Duplex, House for sale in Lekki | Semi Detached Duplex, House in Lekki | 4 bedroom",https://propertypro.ng/property/4-bedroom-house-for-sale-ikota-lekki-lagos-0QCNW,2026-09-07
propertypro,listing,Agent,N/A,"4 bedroom Terraced Duplex, House in Vgc Lekki Lagos | Terraced Duplex, House for sale in Lekki | Terraced Duplex, House in Lekki | 4 bedroom",https://propertypro.ng/property/4-bedroom-house-for-sale-vgc-lekki-lagos-5QCSN,2026-09-07
propertypro,listing,Agent,N/A,"4 bedroom Semi Detached Duplex, House in Ikota Lekki Lagos | Semi Detached Duplex, House for sale in Lekki | Semi Detached Duplex, House in Lekki | 4 bedroom",https://propertypro.ng/property/4-bedroom-house-for-sale-ikota-lekki-lagos-2QCUX,2026-09-07
npc,listing,N/A,N/A,4 Bedroom Fully Furnished Detached House,N/A,2026-09-07
npc,listing,N/A,N/A,Luxury 5 Bedroom Smart House,N/A,2026-09-07
npc,listing,N/A,N/A,"Beautiful 5 Bedroom Terraced Duplex + BQ, Pool, Gym and Sit-Out",N/A,2026-09-07
npc,listing,N/A,N/A,"Luxury 5 Bedroom Fully Detached Duplex + BQ, Pool, Cinema, Elevator",N/A,2026-09-07
npc,listing,N/A,N/A,Luxuriously Built 4 Bedroom Detached Duplex with a Room BQ,N/A,2026-09-07
npc,listing,N/A,N/A,3 Bedroom Maisonette with BQ,N/A,2026-09-07
npc,listing,N/A,N/A,Nicely Built 5 Bedroom Detached Duplex with a BQ & Pool,N/A,2026-09-07
npc,listing,N/A,N/A,5 Bedroom Detached Duplex with BQ,N/A,2026-09-07
npc,listing,N/A,N/A,"5 Bedroom Fully Detached Duplex with BQ, Cinema and Gym",N/A,2026-09-07
npc,listing,N/A,N/A,5 Bedroom Detached Duplex,N/A,2026-09-07
npc,listing,N/A,N/A,"Luxury 5 Bedroom Fully Detached Duplex + BQ, Pool, Cinema, Gym",N/A,2026-09-07
npc,listing,N/A,N/A,"Luxury 5 Bedroom Detached Duplex + BQ, Swimming Pool, Cinema",N/A,2026-09-07
npc,listing,N/A,N/A,Nicely Built Spacious 4 Bedroom Self Compound Terraced Duplex + BQ,N/A,2026-09-07
npc,listing,N/A,N/A,Newly Built 5 Bedroom Mansion,N/A,2026-09-07
npc,listing,N/A,N/A,Newly Built 5 Bedroom Houses,N/A,2026-09-07
npc,listing,N/A,N/A,5 Bedroom Semi-Detached House with BQ,N/A,2026-09-07
npc,listing,N/A,N/A,6 Bedroom House with BQ,N/A,2026-09-07
npc,listing,N/A,N/A,5 Bedroom House with BQ,N/A,2026-09-07
npc,listing,N/A,N/A,Newly Built 5 Bedroom House,N/A,2026-09-07
npc,listing,N/A,N/A,Luxury 5 Bedroom Smart House,N/A,2026-09-07
npc,listing,N/A,N/A,5 Bedroom Detached Duplex with Swimming Pool,N/A,2026-09-07
npc,listing,N/A,N/A,Luxury 5 Bedroom Spacious Detached Duplex,N/A,2026-09-07
npc,listing,N/A,N/A,Nicely Built 4 Bedroom Semi Detached Duplex with BQ,N/A,2026-09-07
npc,listing,N/A,N/A,Fully Detached Three (3) Bedroom Duplex with BQ,N/A,2026-09-07
npc,listing,N/A,N/A,4 Bedroom Detached Duplex,N/A,2026-09-07
npc,listing,N/A,N/A,6 Bedroom Duplex + BQ,N/A,2026-09-07
npc,listing,N/A,N/A,Modern 3 Bedroom Bungalow,N/A,2026-09-07
npc,listing,N/A,N/A,Ultra Modern (Swimming Pool + Cinema) 5 Bedroom Fully Detached House,N/A,2026-09-07
npc,listing,N/A,N/A,4 Bedroom Semi-Detached Duplex with Boys' Quarters,N/A,2026-09-07
npc,listing,N/A,N/A,5 Bedroom Detached Duplex,N/A,2026-09-07
